route_no,originating_point,terminating_point,stoppages
3,Sealdah,Esplanade,"['Dahighat', 'Elgin', 'Esplanade', 'Hazra', 'Khidderpur', 'Mallick', 'Mominpur', 'Moulali', 'Park', 'Road', 'Sealdah', 'Squre', 'Subod', 'street']"
15,Ultadanga,Howrah Station,"['Ave', 'B.K.Paul', 'Bridge', 'East', 'Ghat', 'Grey', 'Hatibagan', 'Howrah Station', 'Khanna', 'Nimtala', 'Stn', 'Ultadanga']"
33,Chetla,Paikpara,"['Alipur Rd', 'Bondel', 'Chetla', 'Darga Rd', 'Hazra', 'Kalighat', 'Khanna', 'Manicktala', 'Moulali', 'Padmapukur', 'Paikpara', 'Sealdah', 'Shyambazar']"
7A,Sarsuna,Howrah Station,"['Bondel', 'Darga', 'Howrah Station', 'Khanna', 'Manicktala', 'Moulali', 'Padmapukur', 'Paikpara', 'Sarsuna', 'Sealdha', 'Shyambazar']"
11A,Dum Dum,Howrah Station,"['Ave', 'B.B.D.Bag', 'Bakultala', 'Barabazar', 'Bedon', 'Behala', 'Bridge', 'Casurina', 'Chowrasta', 'Chria', 'Crossing', 'Depot', 'Dum', 'Dum Dum', 'East', 'Esplanade', 'Howrah Station', 'Khidirpor', 'Manicktala', 'Manton', 'Mominpor', 'Sarsuna', 'Shyambazar', 'Squre', 'Stn', 'Taratala', 'Tram']"
14A,Bichalighat,Bikash Bhavan,"['Abestors', 'Bazar', 'Beliaghata', 'Bhavan', 'Bichalighat', 'Bikash', 'Bikash Bhavan', 'Bridge', 'Cannel', 'Central', 'College', 'Dockyard', 'Esplanade', 'Fancy', 'HMG', 'Halder', 'Hastings', 'J.K.Island', 'Jora', 'Karunamoyee', 'Khiderpore', 'Main', 'Mandir', 'Market', 'Mayo', 'Metiabruj', 'More', 'Moulali', 'Para', 'Park', 'Ramnagar', 'Rashmoni', 'Road', 'Sealdah', 'Subodh Mallick Square', 'Unnayan']"
5-N,Garia,Nabanna,"['Bagan', 'Baghajatin', 'D.Park', 'Elgin', 'Exide', 'Ganguli', 'Garia', 'Golpark', 'Hazra', 'Jadavpur', 'Nabanna', 'P.T.S', 'R.B.Ave', 'dhakuria']"
6-N,Garia,Nabanna,"['Elgin', 'Exide', 'Garia', 'Hazra', 'Metro', 'Nabanna', 'Naktala', 'PTS', 'Phari', 'R.B.Ave', 'Ranikhuti', 'Regentpark', 'Tollygunge']"
12N,Thakurpukur,Nabanna,"['3A', 'D.H Road', 'Hastings', 'Khidderpore', 'Mominpur', 'Nabanna', 'Taratala Xing', 'Thakurpukur', 'Vidhya Sagar Setu']"
AC-1,Jadavpur,Howrah Station,"['Elgin', 'Esplanade', 'Hazra', 'Howrah Station', 'Jadavpur', 'Prince A.Saha Rd', 'Tollygunge']"
AC-2,Barasat,Thakurpukur,"['(East)', 'A.SAHA', 'Airport', 'Avn', 'B.T', 'Baguihati', 'Bangur', 'Bankra', 'Barasat', 'Barrackpur', 'Birati', 'Bridge', 'C.R', 'Chowrasta', 'College', 'Crossing', 'D.H', 'Doltala', 'Dum', 'ELGIN', 'Esplanade', 'Gate', 'Girish', 'HAZRA', 'HUDCO', 'Haldiram', 'Hestings', 'Howrah Station', 'Hridaypur', 'JADAVPUR', 'Kaikhali', 'Kankurgachi', 'Kestopur', 'Khidderpore', 'Lake', 'MG Road', 'Madhyamgram', 'Manicktala', 'Michael', 'Moninpor', 'More', 'Nabanna', 'Nagar', 'New', 'P.S', 'PHARI', 'PRINCE', 'Park', 'Road', 'Sagar', 'Satu', 'Satyanarayan', 'Station', 'TOLLYGUNGE', 'Taratala', 'Teghoria', 'Thakurpukur', 'Town', 'Ultadanga', 'Vidhya']"
AC-4,Parnasree,Howrah Station,"['BBD', 'Bag', 'Bridge', 'Crossing', 'Esplanade', 'Hestings', 'Howrah Station', 'Khiddirpur', 'Mominpur', 'PTS', 'Park', 'Parnasree', 'Rabindra', 'Sadan', 'South', 'Street', 'Taratala']"
AC-4A,Parnashri,Sapoorji,"['BHAVAN', 'CHINGRIGHATA', 'COLLEGE', 'GARDENS', 'HOMETOWN', 'JADAVPUR', 'KALIKAPUR', 'LAKE', 'MAHABIRTALA', 'MARINE', 'MORE', 'NAGAR', 'NARKELBAGAN', 'NEWALIPORE', 'NEWTOWN', 'NICCO', 'P.S', 'PARK', 'PARNASREE', 'Parnashri', 'RUBY', 'SAPUIPARA', 'SAPURJI', 'SUKANTA', 'SWASTHA', 'Sapoorji', 'Science City', 'Sha', 'T.DEPOT', 'T.T.XING', 'TECHONOPOLIS', 'UNITECH']"
AC-4B,Joka,New Town,"['Cancer', 'Chingrihata', 'College', 'Crossing', 'Gariahat', 'Haridevpur', 'Hospital', 'Joka', 'Kabardanga', 'Karunamoyee', 'Metro', 'More', 'New', 'New Town', 'Rashbehari', 'Ruby', 'SDF', 'Technopolis', 'Thakurpukur', 'Tollygunge', 'Town']"
AC-5,Garia,Howrah Station,"['BAG', 'BAGHAJATIN', 'BBD', 'BIRLA', 'BRIDGE', 'CHAKRABERIA', 'CLUB', 'ELGIN', 'Esplanade', 'GARIA', 'GARIAHAT', 'GOLPARK', 'Garia', 'HAZRA', 'HOWRAH', 'Howrah Station', 'JADAVPUR', 'PARK', 'R.B.AVE', 'RAIPUR', 'TARAMONDAL']"
AC-6,Garia,Howrah Station,"['BBD Bag', 'Elgin', 'Esplanade', 'Garia', 'Hazra', 'Howrah Bridge', 'Howrah Station', 'Naktala', 'Park Street', 'Rani Kuthi', 'Rashbehari Ave', 'Regent Park', 'T.T.Depot', 'Tollygunge']"
AC-9,Jadavpur,Karunamoyee,"['Ajoynagar', 'Beliaghata Con.', 'Central Park', 'Chingrihata', 'Jadavpur', 'Karunamoyee', 'Ruby']"
AC-12D,New Town,Sapoorji,"['(Sapoorji)', 'AJOYNAGAR', 'AVE', 'Ajay', 'Ajoynagar', 'B.B.D', 'BAG', 'BBD', 'BEHALA', 'BELIAGHATA', 'BRIDGE', 'Bag', 'Bagan', 'Baruipur', 'Bazar', 'Bridge', 'Byepass', 'CENTRAL', 'CHINGRIHATA', 'CON', 'Central', 'Chingrihata', 'City', 'College', 'Dhalai', 'EAST', 'ELGIN', 'ESPLANADE', 'Eco', 'Esplanade', 'Exide', 'GARIA', 'Gate', 'HAZRA', 'HOWRAH', 'Harinavi', 'Hospital', 'Howrah Station', 'Joka', 'KBKC', 'KUTHI', 'Kamalgazi', 'Karunamoyee', 'MISSION', 'MOMINPUR', 'Malancha', 'Metropolitan', 'Mission', 'More', 'NAKTALA', 'Nagar', 'Narkel', 'New', 'New Town', 'Newtown', 'PARK', 'PHARI', 'PTS', 'Padmapukur', 'Park', 'Patuli', 'Peerless', 'RABINDRA', 'RANI', 'RASHBEHARI', 'REGENT', 'ROW', 'RUBY', 'Ruby', 'SADAN', 'SDF', 'STN', 'Sapoorji', 'Setu', 'Shibanipit', 'Space', 'Sukanta', 'THAKURPUKUR', 'TOLLYGUNJ', 'Tollygunge', 'Topsia', 'Town', 'XING', 'ZOO']"
AC-14,Baruipur,Salt Lake,"['(Salt', 'Baruipur', 'Lake)', 'New', 'Salt Lake', 'Terminus']"
AC-20,Santragachi,Barrackpore,"['BT Road', 'Barrackpore', 'CR Avenue', 'Dunlop', 'Esplanade', 'PTS', 'Santragachi', 'Shyambazar', 'Sodpur', 'Titagarh']"
AC-23A,Salt Lake,Rajchandrapur,"['Depot', 'Gate', 'Lake', 'Rajchandrapur', 'Salt', 'Salt Lake']"
AC-24A,Kamalgazi,Howrah Station,"['2==', '==End', 'Airport', 'Ajay', 'Aliah', 'Avenue', 'BBD', 'Bag', 'Ballyhalt', 'Belghoria', 'Bridge', 'Centre', 'City', 'College', 'Crossing', 'Daber', 'Dakshineswar', 'Dhalai', 'Dunlop', 'ECO', 'EXIDE', 'East', 'Eco', 'Esplanade', 'Exp', 'GARIAHAT', 'Gariahat', 'Gate', 'HAZRA', 'Haldiram', 'Hazra', 'Hospital', 'Howrah Station', 'Kalikapur', 'Kamalgazi', 'More', 'Nagar', 'New', 'OCR', 'PARK', 'PTS', 'Park', 'Patuli', 'Peerless', 'RUBY', 'Rabindrasadan', 'Rashbehari', 'Road', 'Route', 'Ruby', 'STREET', 'Shyambazar', 'Sodpur', 'Space', 'Station', 'Street', 'Titagarh', 'Town', 'Unitech', 'University', 'Via:', 'Way', 'for', 'page']"
AC-31,Howrah Station,Howrah Station,"['(Jaya', 'Avn', 'C.R', 'Cinema)', 'Crossing', 'Girish', 'HUDCO', 'Howrah Station', 'Kankurgachi', 'Lake', 'MG Road', 'Manicktala', 'Park', 'Sapoorji', 'Station', 'Terminating', 'Town', 'Ultadanga']"
AC-37,Behala,Garia,"['Barasat', 'Behala', 'Chowrastha', 'Garia', 'Jadavpur']"
AC-37A,Garia,Air Port,"['AIRPORT', 'Air', 'Air Port', 'Airport', 'Akhankha', 'Ashram', 'BAZAR', 'Bagan', 'Barrabazar', 'Bazar', 'Beliaghata', 'Bus', 'C.C', 'CHINAR', 'CHINGRIGHATA', 'Chiner', 'Chingrihata', 'Chowrasta', 'City', 'College', 'Crossing', 'Doltala', 'ECO', 'Eco', 'GARIA', 'GATE', 'Gardens', 'Garia', 'Gate', 'Gupta', 'HOME', 'HUDCO', 'Hospital', 'Hridaypur', 'James', 'Jatragachi', 'KALIKAPUR', 'Kadapara', 'Karunamoyee', 'Lake', 'MORE', 'Madhyamgram', 'More', 'Motilal', 'NABADIGANTA', 'NARKELBAGAN', 'NEW', 'NICCO', 'NO.1', 'Nager', 'Narkel', 'New', 'PARK', 'PATULI', 'PEERLESS', 'Park', 'Patuli', 'Port', 'RUBY', 'Ramkrishna', 'Road', 'Rubi', 'SASTHYABHAVAN', 'SDF', 'Sarani', 'Science', 'Science City', 'Siriti', 'TECHNOPOLIS', 'TOWN', 'Terminus', 'Town', 'Unitech', 'V.I.P.Road', 'VIP', 'long']"
AC-40,Howrah Station,Howrah Maidan,"['Airport', 'Bazar', 'Crossing', 'Gate', 'Girish', 'Howrah Maidan', 'Howrah Station', 'Jessor', 'Laketown', 'M.G', 'Maidan', 'Nager', 'Park', 'Patipukur', 'Road', 'Shyambazar']"
AC-43,Golf Green,Howrah Station,"['AIRPORT', 'Air', 'BAGAN', 'BHAVAN', 'BYEPASS', 'Burrabazar', 'C.C.2', 'CHINGRIHATA', 'CITY', 'COLLEGE', 'GARDENS', 'GATE', 'GOLF', 'GREEN', 'Golf', 'Golf Green', 'Green', 'HOME', 'Howrah Station', 'JADAVPUR', 'KALIKAPUR', 'LAKE', 'MORE', 'NARKEL', 'NEW', 'NICCO', 'NO.1', 'NO.3', 'P.S', 'PORT', 'Port', 'RUBY', 'SALIMPUR', 'SAPUIPARA', 'SWASTHA', 'Stn', 'TECHONOPOLIS', 'TOWN', 'ΚΑΙΚHALI']"
AC-47,Kundghat,Sapoorji,"['Bagan', 'Bhawan', 'Chingrihata', 'City', 'Crossing', 'Depot', 'Gariahat', 'Kundghat', 'Narkel', 'New', 'Rashbehari', 'Ruby', 'SDF', 'Sapoorji', 'Science', 'Swasthya', 'Tollygunge', 'Town', 'Tram', 'Unitech']"
AC-52,Amtala,Howrah Station,"['Amtala', 'BBD', 'Bag', 'Behala', 'Carzon', 'Crossing', 'Howrah Station', 'Joka', 'Khidirpore', 'Pailan', 'Park', 'Taratala', 'Thakurpukur']"
C7,Howrah Station,HM Ghosh College,"['BNR', 'Babubazar', 'Babughat', 'Ballygunge', 'Bantala', 'Barabazar', 'Bazar', 'Bhoierhat', 'Borali', 'Bosepukur', 'Chowbaga', 'City', 'College', 'Complex', 'Dalhousie', 'Deshapriya', 'Esplanade', 'Fatehpur', 'Garden', 'Gariahat', 'Ghat', 'Ghatatkpukur', 'Ghosh', 'HM Ghosh College', 'Hastings', 'Hospital', 'Howrah Station', 'Kachhi', 'Kantatala', 'Kasba', 'Khidderpore', 'Leather', 'More', 'Muduali', 'Nalmuri', 'Paglarhat', 'Panchannagram', 'Park', 'Phari', 'Princep', 'Rabindra', 'Ramnagar', 'Rashbehari', 'Reach', 'Ruby', 'Sarovar', 'Science', 'Station', 'Tollygunge', 'Uttar', 'VIP', 'sarab']"
C8,Barasat,Joka,"['Airpport', 'B.T', 'Barasat', 'Birati', 'Chinar', 'Chingrighata', 'City', 'Colleg', 'Dackbanglow', 'Eco', 'Joka', 'Kabardanga', 'Madhyamgram', 'More', 'Narkelbagn', 'Newtown', 'Park', 'Rashbihari', 'Ruby', 'Science', 'Sec5', 'Tollygunge']"
C23,Park Circus,Dankuni,"['Airport', 'Bally', 'Chiner', 'Chingrighata', 'Circus', 'City', 'Dakshineswar', 'Dankuni', 'Durganagar', 'Halt', 'Nababpur', 'Nimta', 'Park', 'Park Circus', 'Rabindra', 'Rajchandrapur', 'SDF', 'Science', 'Technopolis', 'Tirtha']"
C26,Rajabazar,Baruipur,"['4no', 'Ajaynagar', 'Baruipur', 'Bazar', 'Bridge', 'Burrabazar', 'Bypass', 'CIT', 'Central', 'Chittaranjan', 'City', 'College', 'Dalhousie', 'Dhalai', 'Esplanade', 'Harinavi', 'Hiland', 'Hospital', 'Howrah Station', 'Kalikapur', 'Kamalgazi', 'Khasmallick', 'More', 'Moulali', 'Mukundapur', 'Narendrapur', 'Padmapukur', 'Panchannagram', 'Park', 'Patuli', 'Peerless', 'Rajabazar', 'Rajpur', 'Road', 'Ruby', 'Science', 'Shibanipith', 'Station', 'Street', 'Topsia', 'Uttar', 'VIP']"
C29,Barasat,Barrackpore,"['Barasat', 'Barbaria', 'Barrackpore', 'Barrackpur', 'Chapuria', 'Chiria', 'Colony', 'Debpukur', 'Jagannathpur', 'Kokapur', 'Mathrangi', 'Mohanpur', 'More', 'Nilgunge', 'Rangapur', 'Station', 'Subhash', 'Wireless']"
C31,Karunamoyee,Bhattanagar,"['Airport', 'Bhattanagar', 'Chiner', 'Durganagar', 'Karunamoyee', 'Nababpur', 'Park', 'Rabindra', 'SDF', 'Technopolis', 'Tirtha']"
C36,Rajabazar,Hanskhali,"['3==', '==End', 'Bally', 'Belurmath', 'College', 'Dakshineswar', 'Esplanade', 'Ghat', 'Hanskhali', 'Lane', 'Nimta', 'OCR', 'PTS', 'Rabindra', 'Rajabazar', 'Route', 'Sadan', 'Sekh', 'Tax', 'Toll', 'for', 'ghat', 'page']"
C37,Amtala,Howrah Station,"['14no', 'Amtala', 'Bazar', 'Behala', 'Bhasha', 'Bishnupur', 'Bridge', 'Dalhousie', 'Ekbalpur', 'Esplanade', 'Hastings', 'Howrah Station', 'Joka', 'Khariberia', 'Khidderpore', 'Majherhat', 'Mominpore', 'Pailan', 'Sakher', 'Shilpara', 'Thakurpukur']"
C42,Ganganagar,Howrah Station,"['Airport', 'Avenue', 'BBD', 'Bag', 'Baguiati', 'Bank', 'Birati', 'Bowbazar', 'Central', 'College', 'GPO', 'Ganganagar', 'Gate', 'Howrah Station', 'India', 'Kaikhali', 'Kankurgachi', 'Kestopur', 'Laketown', 'Maniktala', 'Mickelnagar', 'Rajabazar', 'Road', 'Sealdha', 'Stand', 'Ultadanga']"
C43,Habra,Garia,"['1no', 'Airport', 'Ajaynagar', 'Ashoknagar', 'Barasat', 'Bira', 'Chinar', 'Chingrighata', 'City', 'Duttapukur', 'Eco', 'Garia', 'Guma', 'Habra', 'Madhyamgram', 'Narkelbagn', 'Newtown', 'Park', 'Patuli', 'Peerless', 'Ruby', 'Science', 'Sec5']"
C46,Baruipur,Nabanna,"['Amratal', 'Amtala', 'Baruipur', 'Basundharia', 'Behala', 'Bridge', 'Bus', 'Depot', 'Dhamua', 'Hastings', 'Kheriberia', 'Magurkhali', 'Nabanna', 'Pilan', 'Rajarhat', 'Ranabelia', 'Sakherbajar', 'Stand', 'Suryapur', 'Tahelarampur', 'Taratala', 'Tram', 'Watgangemore', 'bazar', 'ghat']"
C48,Barasat,Barasat/ Ecospace,"['Airport', 'Ajaynagar', 'Aliah', 'Barasat', 'Barasat/ Ecospace', 'Baruipur', 'Chinar', 'Chingrighata', 'City', 'Eco', 'Ecospace', 'Garia', 'Harinavi', 'Madhyamgram', 'Narendrapur', 'Narkelbagan', 'Newtown', 'Padmapukur', 'Park', 'Patuli', 'Peerless', 'Ruby', 'Science', 'Sector']"
D17,Garia,KWIC,"['Anwar', 'Belepole', 'Carryroad', 'Crossing', 'Express', 'Garia', 'Hazra', 'Jdavpur', 'KWIC', 'Kona', 'NH6', 'PTS', 'Rabindra', 'Road', 'Sadan', 'Salap', 'Santragachi', 'Shah', 'Tax', 'Toll']"
D1A,Barasat,Tollygunge,"['Airport', 'Baguiati', 'Barasat', 'Birati', 'College', 'Dackbanglow', 'Madhyamgram', 'More', 'Tollygunge']"
E-1,Jadavpur,Howrah Station,"['Avenue', 'B.B.D.Bag', 'Bari', 'Belaghata', 'Byapss', 'Chinghreeghata', 'City', 'Dhakuria', 'Elgin', 'Esplanade', 'Gariahgat', 'Golpark', 'Hazra', 'Howrah Station', 'Jadavpur', 'Kali', 'Kestopur', 'Lake', 'Laketown', 'Park', 'Rabindra', 'Rashbihari', 'Ruby', 'Sadan', 'Science', 'Ultadanga']"
E-4,Parnasree,Howrah Station,"['Ave', 'BBD', 'Bag', 'Bridge', 'Casurina', 'Crossing', 'East', 'Esplanade', 'Howrah Station', 'Khiderpur', 'Mominpur', 'Parnasree', 'Stn', 'Taratala']"
E-32,Neilgunj,Howrah Station,"['BKP', 'Bridge', 'Chiriamore', 'Depot', 'Dunlop', 'East', 'Gray', 'Howrah Station', 'Kamarhati', 'Khardha', 'Lalkuthi', 'Manument', 'Mohanpur', 'Narayan', 'Neilgunj', 'Nilgunge', 'P.S', 'Panihati', 'Park', 'Rathtala', 'Satya', 'Shyambazar', 'SinthiMore', 'Stn', 'Sukchar', 'Talpukur', 'Titagarh', 'Vivekananda']"
E36,Habra,Santragachi,"['Airport', 'Ashoknagar', 'B.T', 'Baguiati', 'Barasat', 'Belepore', 'Bira', 'Carry', 'College', 'Dackbanglow', 'Duttapukur', 'Esplanade', 'Girish', 'Guma', 'Habra', 'Kankugachi', 'Kestopur', 'Laketown', 'LalBazar', 'Madhyamgram', 'Maniktala', 'Mickel', 'More', 'Nagar', 'PTS', 'Park', 'Rabinrasadan', 'Road', 'Santragachi', 'Tax', 'Toll', 'Ultadanga']"
E,Barasat,Santragachi,"['Airport', 'Baguiati', 'Barasat', 'Belepole', 'Birati', 'Carryroad', 'College', 'Dackbanglow', 'Esplanade', 'Girish', 'Kankugachi', 'Kestopur', 'Laketown', 'LalBazar', 'Madhyamgram', 'Maniktala', 'More', 'PTS', 'Park', 'Santragachi', 'Spl', 'Ultadanga']"
E,Barasat,Esplanade,"['37A', 'Airport', 'Baguiati', 'Barasat', 'Birati', 'College', 'Dackbanglow', 'Esplanade', 'Girish', 'Kankugachi', 'Kestopur', 'Laketown', 'LalBazar', 'Madhyamgram', 'Maniktala', 'More', 'Park', 'Ultadanga']"
E43A,Howrah Station,Bhebia,"['Bamanpukur', 'Bantala', 'Baralighat', 'Battala', 'Bhebia', 'Bhojerhat', 'Bhushighata', 'Chaital', 'Chandipur', 'Circus', 'City', 'Dalhousie', 'Esplanade', 'Ghatakpukur', 'Howrah Station', 'Joypur', 'Karidanga', 'Katatala', 'Malancha', 'Minakhan', 'More', 'Moulali', 'Nimchabari', 'Paglahat', 'Park', 'Science', 'Topsia']"
E75,Barasat,Baruipur,"['Airpport', 'B.T', 'Bantala', 'Baralighat', 'Barasat', 'Baruipur', 'Bhojerhat', 'Birati', 'Bodra', 'Champahati', 'Chinar', 'Chingrighata', 'City', 'College', 'Dackbalglow', 'Eco', 'Ghatakpukur', 'Kantala', 'Karaidanga', 'Madhyamgram', 'Mickel', 'More', 'Nagar', 'Narkelbagn', 'Newtown', 'Paglahat', 'Park', 'Science', 'Sec5']"
E77,Esplanade,Sukanta Park,"['Bargachia', 'Belepole', 'Carry', 'Crossing', 'Dakshinbari', 'Dilakhash', 'Domjur', 'Esplanade', 'Ichanagari', 'Jagatballavpur', 'Kalitala', 'Makardaha', 'More', 'PTS', 'Park', 'Rabindra', 'Rajapur', 'Road', 'Sadan', 'Salap', 'Santragachi', 'Sukanta', 'Sukanta Park', 'Tax', 'Toll', 'bazar']"
EB1,Nabanna,Newtown,"['Beckbagan', 'Chingrighata', 'Circus', 'City', 'College', 'DLF', 'Mandirtala', 'Minto', 'More', 'Nabanna', 'Newtown', 'PTS', 'Park', 'Rabindra', 'Sadan', 'Science', 'Setu', 'Vidyasagar', 'Wipro']"
EB3,Tollygunge,Eco Space,"['4==', '==End', 'Axis', 'Chingrighata', 'City', 'College', 'DLF', 'Deshapriya', 'Eco', 'Eco Space', 'Gariahat', 'Gate', 'Hospital', 'Mall', 'Mathpukur', 'More', 'Narkelbagan', 'Newtown', 'Nicco', 'OCR', 'Park', 'Rashbehari', 'Route', 'Ruby', 'SDF', 'Science', 'Tollygunge', 'Unitech', 'Wipro', 'for', 'page', 'space']"
EB-12,Barasat,Sapoorji,"['Adibasi Bhavan', 'Airport Gate 1', 'Aliah University', 'Bankra More', 'Barasat', 'City Centre II', 'Eco Park', 'Eco Space', 'Hridaypur', 'Madhyamgram Chowrasta', 'New Barrackpur B.T. College', 'Sapoorji']"
EB-14,Santragachi,Eco Space,"['Eco', 'Eco Space', 'Santragachi', 'Space']"
M-7B,Shibrampur,Eco Space,"['Adibasi', 'Airport', 'Aliah', 'B.T', 'BBD', 'Bag', 'Bakultala', 'Bankra', 'Barrackpur', 'Beckbagan', 'Behala', 'Betore', 'Bhavan', 'Bhawan', 'Centre', 'Chingrihata', 'Chowrasta', 'Chowrastha', 'City', 'College', 'Crossing', 'Eco', 'Eco Space', 'Esplanade', 'Exide', 'Gate', 'Howrah Station', 'Hridaypur', 'Karunamoyee', 'Madhyamgram', 'Mandirtala', 'Metro', 'Mission', 'More', 'Narkelbagan', 'New', 'Nicco', 'P.T.S', 'Park', 'Plaza', 'Rabindra', 'Raja', 'Rammohan', 'Rashbehari', 'Road', 'Row', 'Roy', 'Sadan', 'Shibrampur', 'Space', 'Station', 'Street', 'Swastha', 'Technopolish', 'Toll', 'Tollygunge', 'Topsia', 'Town', 'Unitech', 'University', 'Via']"
M-7C,Sasthir More,Howrah Station,"['Ave', 'BBD', 'Bag', 'Bakultala', 'Behala', 'Bridge', 'Casurina', 'Chowrasta', 'Crossing', 'East', 'Esplanade', 'Howrah Station', 'Kidderpore', 'Manton', 'Mominpur', 'More', 'P.S', 'Sasthir', 'Sasthir More', 'Stn', 'Taratala']"
M-7D,Sonamukhi Bazar,Kankurgachi,"['Bazar', 'Behala', 'Crossing', 'Depot', 'Kankurgachi', 'Mint', 'Sarsuna', 'Sonamukhi', 'Sonamukhi Bazar', 'Taratala', 'Tram', 'chowrasta']"
M-7E,Bagpota,Howrah Station,"['BBD Bag', 'Bagpota', 'Behala', 'Casurina Ave', 'Esplanade', 'Howrah Bridge', 'Howrah Station', 'Kestor More', 'Khidirpore', 'Mominpore', 'Sarsuna', 'Taratala Xing']"
M-7K,Sealdah,Sarsuna,"['(Sarsuna)', 'Khudiram', 'Park', 'Sarsuna', 'Sealdah']"
M-14,Behala,New Town,"['(East)', '(Rajabazar', 'Alipore', 'Ave', 'Avn', 'BBD', 'Bag', 'Bagan', 'Bagpota', 'Bahadur', 'Bazar', 'Behala', 'Beliaghata', 'Bridge', 'Burashibtala', 'CITRd', 'Canal', 'Casurina', 'Chetla', 'Chingrihata', 'Chowrastha', 'City', 'College', 'Crossing', 'East', 'Elgin', 'Esplanade', 'Gariahat', 'Gopalnagar', 'Hazra', 'Howrah Station', 'Kankurgachi', 'Karunamoyee', 'Kestor', 'Khidirpore', 'Main', 'Metro', 'Mominpore', 'Mominpur', 'More', 'Moulali', 'Muchipara', 'New', 'New Town', 'Panchanantala', 'Park', 'Petrol', 'Phool', 'Pump', 'Rashbehari', 'Rashmoni', 'Road', 'Roy', 'Ruby', 'S.C.Mallick', 'SDF', 'Sarsuna', 'Science', 'Sealdah', 'Square', 'Stn', 'Street', 'T.D.)', 'Taratala', 'Tollygunge', 'Town']"
S-2,Shibtala Math,Howrah Station,"['Ananda', 'Ave', 'B.B.D', 'Bag', 'Bazar', 'Bridge', 'Bura', 'Burrabazar', 'C.I.T', 'Chandi', 'Chitpur', 'College', 'Crossing', 'Depot', 'East', 'Elgin', 'Esplanade', 'Ghosh', 'Hazra', 'Howrah Station', 'Kundghat', 'M.G', 'Maidan', 'Math', 'Moulali', 'Palit', 'Phari', 'Rajabazar', 'Rashbehari', 'Road', 'Sealdah', 'Shibtala', 'Shibtala Math', 'Station', 'Street', 'Tollygunge', 'Tram']"
S-3A,Thakurpukur,Sealdah,"['B.B.Ganguly', 'BBD', 'Bag', 'Bazar', 'Behala', 'Bus', 'Chourasta', 'Depot', 'Esplanade', 'Gate', 'Khidirpore', 'Menton', 'More', 'Mouminpur', 'Sealdah', 'Sealdh', 'Silpara', 'Stand', 'Taratala', 'Thakurpukur', 'Tram', 'Water']"
S-3B,Behala,Kankurgachi,"['BBD.BAGB.B.Ganguli', 'Behala', 'Esplanade', 'Gate', 'Kankurgachi', 'Khidirpur', 'Mominpur', 'More', 'Phoolbagn', 'Rajabazar', 'St.Sealdah', 'Taratala', 'Water']"
S-3W,Joka,Eco Space,"['Aliah', 'Alipore', 'Bagan', 'Bazar', 'Behala', 'Chetla', 'Chingrighata', 'Chorasta', 'City', 'College', 'Depot', 'Ecispace', 'Eco', 'Eco Space', 'Gariahat', 'Home', 'Joka', 'Kasba', 'More', 'Nagar', 'Narkel', 'New', 'Nicco', 'P.S', 'Park', 'Ruby', 'SDF', 'Sakhar', 'Science', 'Space', 'Stand', 'Sukanta', 'Taratala', 'Techopolic', 'Thakurpukur', 'Town', 'Tram', 'Univercity', 'VIP', 'xing']"
S-4,Karunamoyee,Tollygunge,"['Bazar', 'Chingri', 'City', 'Crossing', 'Depot', 'Gariahat', 'Gate', 'Ghata', 'HUDCO', 'Karunamoyee', 'Kasba', 'PNB', 'Parnashree', 'Phari', 'Quality', 'Rashbehari', 'Taratala', 'Tollygunge', 'VIP']"
S-4C,Howrah Station,Karunamoyee,"['Avenue', 'BBD', 'Bag', 'Bridge', 'Crossing', 'East', 'Esplanade', 'Haridebpur', 'Haridevpur', 'Hazra', 'Howrah Station', 'Karunamoyee', 'Park', 'Phari', 'Rabindra', 'Rashbehari', 'Sadan', 'Stn', 'Street', 'Tollygunge', 'Tram', 'depot']"
S-4D,Parnashri,Eco Space,"['Alipore', 'Bagan', 'Beckary', 'Bus', 'Chingrihata', 'Crossing', 'E.M.Byepass', 'Eco', 'Eco Space', 'Home', 'Hospital', 'Jadavpur', 'Kalikapur', 'Lords', 'Narkel', 'New', 'Nicco', 'P.A.Sh', 'Park', 'Parnashri', 'Parnasree', 'Ruby', 'SDF', 'Sapuipara', 'Sc.City', 'Space', 'Stand', 'Taratala', 'Technopolis', 'Town']"
S-5,Garia,Howrah Station,"['BBD Bag', 'Bagan', 'Baghajatin', 'Bazar', 'Burra', 'D.Park', 'Dhakuria', 'Elgin', 'Esplanade', 'Ganguli', 'Garia', 'Golpark', 'Hazra', 'Howrah Station', 'Jadavpur', 'Park', 'R.B.Ave', 'S.Ave', 'Stn', 'Street']"
S-7,Garia,Howrah Station,"['Ave', 'BBD', 'Bag', 'Bridge', 'East', 'Elgin', 'Esplanade', 'Garia', 'Hazra', 'Howrah Station', 'Naktala', 'Park', 'Phari', 'Ranikuthi', 'Rashbehari', 'Regent', 'Stn', 'T.Depot', 'Tollygunge']"
S-9A,Karunamoyee,Jadavpur,"['5==', '==End', 'Ave', 'BBD', 'Bag', 'Ballygunge', 'ByPass', 'C.R.Ave', 'Central', 'Chiriamore', 'City', 'Colutala', 'Connector', 'Deshapriya', 'Dunlop', 'Esplanade', 'Est', 'Gariahat', 'Grey', 'Hazra', 'Hospital', 'Hou', 'Jadavpur', 'KBKC', 'Karunamoyee', 'MG Road', 'Metro', 'More', 'Nagar', 'OCR', 'Park', 'Rashbehari', 'Route', 'Ruby', 'Santoshpur', 'Setu', 'Shyambazar', 'Since', 'Sinthi', 'Stn', 'Sukanta', 'Tobin', 'VIP', 'Vivekananda', 'for', 'page', 'politon', 'street']"
S-9C,Kamalgazi,Eco Space,"['Ajoy', 'Bagan', 'Bazar', 'Bhawan', 'Centre', 'Chingrighata', 'City', 'College', 'Crossing', 'DLF', 'Eco', 'Eco Space', 'Home', 'Hospital', 'Kalikapur', 'Kamalgazi', 'Medical', 'Metropolitan', 'More', 'NICCO', 'Nagar', 'Narkel', 'New', 'Park', 'Patuli', 'Peerless', 'Philips', 'Ruby', 'SDF', 'Science', 'Space', 'Swastha', 'Tata', 'Technopolis', 'Terminating', 'Town', 'V.I.P']"
S-10,Nabanna,Dum Dum,"['Airport', 'Bazar', 'Central', 'Chiria', 'Colutala', 'Crossing', 'Dum', 'Dum Dum', 'Esplanade', 'Ganguly', 'Grey', 'Jail', 'MG Road', 'Mayo', 'More', 'Nabanna', 'Nager', 'PTS', 'Paikpara', 'Plaza', 'Shyam', 'Stn', 'Street', 'Toll', 'Vivekananda', 'gate']"
S-10A,Ballygunge,Howrah Station,"['BBD Bag', 'Ballygunge', 'Ballygunge Stn', 'Deshapriya Park', 'Elgin', 'Esplanade', 'Gariahat', 'Hazra', 'Howrah Bridge', 'Howrah Station', 'Park Street', 'RB Avenue']"
S-11,Neilgunj,Esplanade,"['Avenue', 'BBD', 'BKP', 'Bag', 'Ballygunge', 'Bridge', 'Chiriamore', 'Depot', 'Deshapriya', 'Dunlop', 'East', 'Elgin', 'Esplanade', 'Ganguly', 'Gariahat', 'Gray', 'Hazra', 'Howrah Station', 'Kalutala', 'Khardha', 'Lalkuthi', 'Mohanpur', 'Neilgunj', 'Nilgunge', 'P.S', 'Panihati', 'Park', 'Park Street', 'Rathtala', 'Shyambazar', 'SinthiMore', 'Stn', 'Talpukur', 'Titagarh', 'Vivekananda']"
S-12,New Town,Howrah Station,"['BBD', 'Bag', 'Bazar', 'Bridge', 'Chinrighata', 'EMBypass', 'East', 'Esplanade', 'Gate', 'House', 'Howrah Station', 'Moulali', 'New', 'New Town', 'Nicco', 'Park', 'Ranirashmoni', 'S.Mullick', 'SLD', 'Sealdha', 'Stn', 'Town', 'Weble']"
S-12D,Thakurpukur,Howrah Station,"['Ave', 'BBd', 'Bag', 'Bazar', 'Bridge', 'Bus', 'Casurina', 'Chowrasta', 'East', 'Esplanade', 'Howrah Station', 'Khiddirpor', 'Menton', 'Silpara', 'Stand', 'Stn', 'Thakurpukur']"
S-12E,Howrah Station,Howrah Station,"['Aliah', 'BBD', 'Bag', 'Bazar', 'Beliaghata', 'Bhavan', 'Bhawa', 'Bridge', 'Cannel', 'Crossing', 'Eco', 'Esplanade', 'Hiland', 'Howrah Station', 'India', 'K.B.K.C', 'Malanch', 'Mallick', 'More', 'Moulali', 'Narkelbagan', 'New', 'Panchayat', 'Paribesh', 'Park', 'Picnic', 'Rashmoni', 'Sealdah', 'Space', 'Square', 'Station', 'Subodh', 'Tank', 'Techno', 'Technopolish', 'Town', 'University', 'Willow']"
S-14,Garia,Karunamoyee,"['Ajoy', 'Andrews', 'Bazar', 'Bldg', 'Central', 'City', 'College', 'Dinobandhu', 'Garia', 'KBKC', 'Kaikhali', 'Karunamoyee', 'Metropolitan', 'More', 'Nagar', 'Park', 'Patuli', 'Peerless', 'Ruby', 'VIP']"
S-16,Thakurpukur,Salt Lake,"['Bazar', 'Behala', 'Bus', 'Chowrsta', 'Depot', 'Esplanade', 'Gate', 'Khiddirpor', 'Lake', 'Menton', 'Mominpore', 'More', 'Mullick', 'Salt', 'Salt Lake', 'Silpara', 'Square', 'Stand', 'Subodh', 'Taratala', 'Thakurpukur', 'Tram', 'Water']"
S-21,Garia,Baghbazar,"['Ajoynagar', 'Alambazar', 'Ariadaha', 'B.B.D.Bag', 'B.B.Ganguly', 'Bag', 'Bagbazar', 'Baghajatin', 'Baghbazar', 'Baisaki', 'Baranagar', 'Bazar', 'Bhavan', 'Bibir', 'Bonhooghly', 'C.A.Island', 'Chandi', 'Colutala', 'Cossipur', 'Dakshineswar', 'Depot', 'Elgin', 'Esplanade', 'Garia', 'Ghosh', 'HUDCO', 'Hazra', 'Hospital', 'Hudco', 'Kalikapur', 'Kankurgachi', 'Karunamoyee', 'Khanna', 'Kudghat', 'Labony', 'MG Road', 'Manicktala', 'Moulali', 'P.S', 'PNB', 'Park Street', 'Patuli', 'Pearless', 'Phari', 'R.B.Ave', 'Rajabazar', 'Ruby', 'Sealdha', 'Seva', 'Shyambazar', 'Sovabazar', 'Tollygunge', 'Tram', 'bypass']"
S-23A,Sakuntala Park,Sakuntala Park,"['Airport', 'Alipore', 'Bagan', 'Bakultala', 'Balihalt', 'Balikhal', 'Behala', 'Center', 'Central', 'Chetla', 'Chinar', 'Chingrighata', 'Chowrasta', 'City', 'College', 'Crossing', 'Dakshineswar', 'Dunlop', 'Durganagar', 'Eco', 'Gariahat', 'Gate', 'Karunamoyee', 'Kasba', 'Manton', 'More', 'Nabadiganta', 'Nagar', 'Narkel', 'New', 'Nicco', 'Nimtala', 'Nutan', 'P.S', 'Para', 'Park', 'R.B.Ave', 'Raidighi', 'Rajchandrapur', 'Rubi', 'SDF', 'SLD', 'Sakuntala', 'Sakuntala Park', 'Science', 'Sreenagar', 'Stand', 'Sukanta', 'Taratala', 'Technopolis', 'Town', 'WIPRO']"
S-24,Kamalgazi,Howrah Station,"['Ajoynagar', 'Arabinda Pally', 'BBD Bag', 'Burra Bazar', 'EM Byepass', 'Esplanade', 'Howrah Station', 'Kalikapur', 'Kamalgazi', 'Lohapoll', 'Middle Rd', 'Moulali', 'Panchanan Gram', 'Patuli', 'Peerless Hospital', 'Ruby', 'S.N.Banarjee Rd', 'Topsia Rd Xing']"
S-30,Ultadanga,Eco Space,"['(IT', 'Eco', 'Eco Space', 'Space', 'Spl.)', 'Ultadanga']"
S-30A,Ultadanga,Salt Lake,"['Circuitous', 'Lake', 'Salt', 'Salt Lake', 'Service', 'Ultadanga']"
S-31,Jadavpur,Janakalyan,"['6==', '==End', 'Ajoynagar', 'Arabinda', 'Ashram', 'BBD', 'Bag', 'Bagan', 'Bazar', 'Bhavan', 'Bhawan', 'Burra', 'Bus', 'Byepass', 'C.A', 'C.G.O', 'Camp', 'Centre', 'Chingrighata', 'Chowrastha', 'City', 'College', 'Complex', 'Crossing', 'D.P.Sasmal', 'Eco', 'Esplanade', 'Falguni', 'G.D', 'Gardens', 'Gate', 'Gram', 'Gupta', 'HUDCO', 'Hidco', 'Hospital', 'Howrah Station', 'Island', 'Jadavpur', 'James', 'Janakalyan', 'Kadapara', 'Kalikapur', 'Kanunamoyee', 'Karunamoyee', 'Lake', 'Lock', 'Lohapoll', 'Long', 'Medical', 'Middle', 'Mission', 'More', 'Motilal', 'Moulali', 'NICCO', 'Nabanna', 'Narkel', 'New', 'Nicco', 'No.Bus', 'OCR', 'P.T.S', 'PNB', 'Pally', 'Panchanan', 'Park', 'Patuli', 'Peerless', 'Philips', 'Police', 'Purta', 'R.S', 'Rabindra', 'Ramkrishna', 'Route', 'Ruby', 'S.N.Banarjee', 'SDFCollege', 'SDG', 'Sadan', 'Sarani', 'Siriti', 'Software', 'Space', 'Stand', 'Stn', 'Tank', 'Tata', 'Technopolis', 'Techonopolis', 'Topsia', 'Town', 'Ultadanga', 'Unnayan', 'Vidyasagar', 'WIPRO', 'bus', 'for', 'page']"
S-32,Barrackpore,Howrah Station,"['Bakrakpur', 'Bally', 'Barakpur', 'Barrackpore', 'Bazar', 'Belur', 'Bridge', 'Chiria', 'Chiriamore', 'Chowrastha', 'College', 'Court', 'Dakshineswar', 'Dunlop', 'Grey', 'Howrah Station', 'Kamarhati', 'Khardha', 'Liluah', 'Maidan', 'Manument', 'Math', 'More', 'Municipality', 'P.S', 'Panihati', 'Ranindra', 'Rathtala', 'Salkia', 'Sarani', 'Shyambazar', 'Sinthi', 'Station', 'Stn', 'Sukchar', 'Talpukur', 'Titagarh', 'Tobin', 'Vivekananda']"
